ganoderma-1	https://inaturalist-open-data.s3.amazonaws.com/photos/299160975/large.jpeg	CC BY	Aaron Liston	https://www.inaturalist.org/observations/172338137	172338137	artist's bracket
ganoderma-2	https://inaturalist-open-data.s3.amazonaws.com/photos/198935302/large.jpeg	CC BY-SA	Rand Workman	https://www.inaturalist.org/observations/117775372	117775372	Ganoderma applanatum
ganoderma-3	https://inaturalist-open-data.s3.amazonaws.com/photos/50208735/large.jpg	CC0	Jason Youth	https://www.inaturalist.org/observations/32037929	32037929	artist's bracket
ganoderma-4	https://inaturalist-open-data.s3.amazonaws.com/photos/230908359/large.jpeg	CC BY	bogsuckers	https://www.inaturalist.org/observations/135388973	135388973	artist's bracket
ganoderma-ads-1	https://inaturalist-open-data.s3.amazonaws.com/photos/619843244/large.jpg	CC0	T. Pedro Hafermann	https://www.inaturalist.org/observations/340595402	340595402	Wulstiger Lackporling
ganoderma-ads-2	https://inaturalist-open-data.s3.amazonaws.com/photos/579297701/large.jpg	CC BY	Dr. Nasser Halaweh	https://www.inaturalist.org/observations/320404591	320404591	Ganoderma adspersum
ganoderma-ads-3	https://inaturalist-open-data.s3.amazonaws.com/photos/741516300/large.jpg	CC BY	Jose Gutierrez Higa	https://www.inaturalist.org/observations/403830728	403830728	Ganoderma adspersum
mistletoe-1	https://inaturalist-open-data.s3.amazonaws.com/photos/31228207/large.jpg	CC BY	Laura J. Costello	https://www.inaturalist.org/observations/20234595	20234595	European mistletoe
mistletoe-2	https://inaturalist-open-data.s3.amazonaws.com/photos/455714581/large.jpg	CC BY	Cenaida	https://www.inaturalist.org/observations/254421636	254421636	Viscum album album
mistletoe-3	https://inaturalist-open-data.s3.amazonaws.com/photos/636130484/large.jpg	CC BY	Maciej Boenisch	https://www.inaturalist.org/observations/348769808	348769808	jemioła pospolita
mistletoe-4	https://inaturalist-open-data.s3.amazonaws.com/photos/619492011/large.jpg	CC0	Mirko Ubović	https://www.inaturalist.org/observations/340420429	340420429	Fir Mistletoe
mistletoe-pine-1	https://inaturalist-open-data.s3.amazonaws.com/photos/62920322/large.jpeg	CC BY	Patrick Hacker	https://www.inaturalist.org/observations/39647008	39647008	Pine Mistletoe
mistletoe-pine-2	https://inaturalist-open-data.s3.amazonaws.com/photos/62920651/large.jpeg	CC BY	Patrick Hacker	https://www.inaturalist.org/observations/39647013	39647013	Pine Mistletoe
mistletoe-pine-3	https://inaturalist-open-data.s3.amazonaws.com/photos/354395182/large.jpeg	CC BY	Emil Jantke	https://www.inaturalist.org/observations/200827927	200827927	Kiefern-Mistel
